Character Name,Character Icon URL,Character Main Image URL,Profile URL,Character Info
Ellie,https://img.game8.co/3253990/a38ae26121b6dd4dd9b02bc0927eee71.png/show,https://img.game8.co/3253674/d94845ae35742fb7aeab666c545ce17c.jpeg/show,https://game8.co/games/Last-of-Us-2/archives/290451,"{'Ellie: Character Information': {'paragraphs': ''}, 'Basic Information': {'tables': [{'table_data': [{'Name:': '19'}, {'Name:': 'Alive'}, {'Name:': 'Jackson Patrol'}, {'Name:': 'Main protagonist'}, {'Name:': 'Ashley Johnson'}]}]}, 'Profile and Backstory': {'paragraphs': 'In The Last of Us 1, Ellie is immune to the Cordyceps infection that has overrun the world. Joel has to smuggle her out of the city and into the Fireflies laboratory to create a vaccine based on her immunity.\nShe is now a returning character and the main protagonist for the latest game in the series, The Last of Us II, where she will embark on a journey seeking revenge from the people that hurt her loved ones.'}, 'How Long Do You Play as Ellie': {'paragraphs': 'Ellie will be playable on the first half of the game. Then she will also become playable at the end of the for the final conclusion of The Last of Us Part II.\nThe following chapters will be played as Ellie:', 'tables': [{'table_data': [{'Chapters': 'Jackson'}, {'Chapters': 'Seattle Day 1'}, {'Chapters': 'Seattle Day 2'}, {'Chapters': 'Seattle Day 3'}, {'Chapters': 'The Farm'}, {'Chapters': 'Santa Barbara'}, {'Chapters': 'The Farm (Epilogue)'}]}]}, 'What Happens to Ellie?': {'paragraphs': ""Final Warning:Major spoilers Ahead!You have been warned!!\n\nAfter tracking Abby to Santa Barbara, Ellie is readying to finish the job that she started her journey for and get justice for what Abby did to Joel.\nDuring her fight with Abby, she realizes that Joel didn't want any of this, and that he only wanted Ellie to grow up as a regular child, rather than become a part of the world's problem. Joel had already done enough killing during his time, and he did not want Ellie to be part of all the violence and bloodshed in their time.\nEllie lets Abby go, along with Lev, in a boat to return to her farmhouse after realizing that Dina already left her because of what she did. She ends by finding a way to live in peace amidst the world's pandemic.""}, 'Handguns': {'tables': [{'table_data': [{'Weapon': 'Semi-Auto Pistol', 'Description': 'Short-range handgun with high fire rate and moderate accuracy.', 'Location': 'Obtained by default in Jackson - Waking Up.'}, {'Weapon': 'Revolver', 'Description': 'Mid-range revolver with moderate damage and slow reload speed.', 'Location': 'Get from the box upstairs in Jackson - Packing Up.'}]}]}, 'Long Guns': {'tables': [{'table_data': [{'Weapon': 'Bolt-Action Rifle', 'Description': 'Long-range rifle with high damage and slow fire rate.', 'Location': 'Obtained by default in Jackson - Waking Up.'}, {'Weapon': 'Pump Shotgun', 'Description': 'Close-range shotgun with high damage and slow reload speed.', 'Location': 'Obtain from the Bank Vault in Seattle Day 1 - Downtown.'}, {'Weapon': 'Bow', 'Description': 'Long-range bow with silent shots and slow draw speed.', 'Location': 'Obtain automatically in Seattle Day 2 - Hillcrest.'}, {'Weapon': 'Silenced Submachine Gun', 'Description': 'A silent automatic sub machine gun that deals medium damage to enemies.', 'Location': 'Obtained in Santa Barbara - The Resort'}]}]}, 'Throwables': {'tables': [{'table_data': [{'Weapon': 'Bottle', 'Description': 'A throwable object that can be used to break glass or create a distraction. Only one item of this type can be held at a time.', 'Location': 'Pick up from ground.'}, {'Weapon': 'Brick', 'Description': 'A throwable object that can be used to break glass or create a distraction. Only one item of this type can be held at a time.', 'Location': 'Pick up from ground.'}, {'Weapon': 'Molotov', 'Description': 'Explodes on impact, and fire lingers in the area.', 'Location': 'Craft.'}, {'Weapon': 'Stun Bomb', 'Description': 'Stuns enemies in a small area on impact.', 'Location': 'Craft.'}, {'Weapon': 'Trap Mine', 'Description': 'Deploys in place and detonates on enemy proximity.', 'Location': 'Craft.'}]}]}, 'Recovery Item': {'tables': [{'table_data': [{'Weapon': 'Health Kit', 'Description': 'Restores a moderate amount of health. Hold R2 to use.', 'Location': 'Craft.'}]}]}, 'Survival': {'tables': [{'table_data': [{'Name': 'Endure', 'Supplements': '60', 'Effect': 'Otherwise lethal damage will instead leave you at low health, giving you an opportunity to escape.'}, {'Name': 'Listen Mode Movement Speed II', 'Supplements': '40', 'Effect': 'Move much faster in listen mode. Hold R1 to sense nearby enemies through walls.+100% Movement Speed'}, {'Name': 'Increased Health', 'Supplements': '60', 'Effect': 'Increase maximum health.+25% Health'}, {'Name': 'Faster Health Kits', 'Supplements': '30', 'Effect': 'Increase the speed of using a health kit.+100% Speed'}, {'Name': 'Listen Mode Movement Speed I', 'Supplements': '30', 'Effect': 'Move faster in listen mode. Hold R1 to sense nearby enemies through walls.+50% Movement Speed'}]}]}, 'Crafting': {'tables': [{'table_data': [{'Name': 'Craft More Smoke Bombs', 'Supplements': '40', 'Effect': 'Increase your efficiency at crafting smoke bombs, producing more from the same resources.Craft amount: 1 ▶︎ 2Inventory capacity: 3 ▶︎ 4'}, {'Name': 'Craft Improved Health Kits', 'Supplements': '40', 'Effect': 'Craft more effective health kits.+50% Healing'}, {'Name': 'Craft Smoke Bombs', 'Supplements': '30', 'Effect': 'Stun bombs become smoke bombs, adding a smokescreen which blocks enemy line of sight.'}, {'Name': 'Faster Crafting', 'Supplements': '40', 'Effect': 'Craft all items twice as quickly.+100% Crafting Speed'}, {'Name': 'Craft Melee Upgrades', 'Supplements': '20', 'Effect': 'Craft an upgrade for your melee weapon, restoring it to full durability and greatly increasing its damage.Recipe requires binding, blade, and melee weapon.'}]}]}, 'Stealth': {'tables': [{'table_data': [{'Name': 'Faster Stealth Kills', 'Supplements': '60', 'Effect': 'Stealth kills are faster and keep a lower profile.+100% Speed'}, {'Name': 'Improved Silencers', 'Supplements': '40', 'Effect': 'Increase the durability of crafted silencers.Durability: 3 ▶︎ 5'}, {'Name': 'Faster Prone Movement', 'Supplements': '50', 'Effect': 'Move faster while prone. Hold ◯ to go prone.+50% Movement Speed'}, {'Name': 'Listen Mode Clarity', 'Supplements': '40', 'Effect': 'Enemies seen in listen mode show up in sharper clarity. Hold R1 to sense nearby enemies through walls.'}, {'Name': 'Craft Silencers', 'Supplements': '20', 'Effect': 'Craft pistol silencer that makes shots silent until it breaks.Press △ while aiming to toggle the silencer on and off.Durability: 3Recipe requires rag and canister.'}]}]}, 'Precision': {'tables': [{'table_data': [{'Name': 'Craft More Arrows', 'Supplements': '40', 'Effect': 'Increase your efficiency at crafting arrows, producing more from the same resources.Craft Amount: 2 ▶︎ 3'}, {'Name': 'Hold Breath', 'Supplements': '40', 'Effect': 'Press L3 while aiming to hold your breath, steadying your aim.'}, {'Name': 'Listen Mode Range', 'Supplements': '40', 'Effect': 'Detect enemies at a greater range in listen mode. Hold R1 to sense nearby enemies through walls.+50% Range'}, {'Name': 'Faster Aim Movement', 'Supplements': '30', 'Effect': 'Move faster while aiming.+50% Movement Speed'}, {'Name': 'Aim Stability Increase', 'Supplements': '30', 'Effect': 'Improve aiming stability and accuracy while moving.+100% Stability+100% Accuracy'}]}]}, 'Explosives': {'tables': [{'table_data': [{'Name': 'Craft More Explosive Arrows', 'Supplements': '40', 'Effect': 'Increase your efficiency at crafting explosive arrows, producing more from the same resources.Press △ while aiming to change what type of arrow is being used.Craft amount: 1 ▶︎ 2Inventory capacity: 3 ▶︎ 4'}, {'Name': 'Craft More Trap Mines', 'Supplements': '50', 'Effect': 'Increase your efficiency at crafting trap mines, producing more from the same resources.Craft amount: 1 ▶︎ 2Inventory capacity: 3 ▶︎ 4'}, {'Name': 'Improved Molotovs', 'Supplements': '40', 'Effect': 'Increase the effectiveness of your molotovs, spreading fire in a wider radius.+50% Flame Radius'}, {'Name': 'Improved Trap Mines', 'Supplements': '20', 'Effect': 'Craft more effective trap mines that are deadly at greater range.+50% Blast Radius'}, {'Name': 'Craft Explosive Arrows', 'Supplements': '20', 'Effect': 'Craft arrows with explosive tips that deal massive damage in a blast radius.Press △ while aiming to change arrow types.Recipe requires explosive and binding.'}]}]}, 'Related Links': {'paragraphs': 'See All Characters'}}"
Joel,https://img.game8.co/3253992/2dca693d4b0e9c6b1116513760f536d5.png/show,https://img.game8.co/3253664/103b20839a9d395c4391a3465867cdcb.jpeg/show,https://game8.co/games/Last-of-Us-2/archives/290454,"{'Joel: Character Information': {'paragraphs': ''}, 'Basic Information': {'tables': [{'table_data': [{'Name:': ""Mid 50's""}, {'Name:': 'Deceased'}, {'Name:': 'Jackson Patrol'}, {'Name:': 'Secondary Character'}, {'Name:': 'Troy Baker'}]}]}, 'Profile and Backstory': {'paragraphs': ""During the events of the first game, Joel embarks on a journey to smuggle Ellie out of the city and deliver her to the Fireflies. During their time together, he becomes attached to Ellie, with her becoming something like a replacement for his dead daughter Sarah.\nAfter their journey, they settled down in Jackson, Wyoming, living with the community that Joel's brother Tommy created.""}, 'Is Joel a Playable Character?': {'paragraphs': '\nJoel can only be played during the Prologue of Jackson, and that is the only time you will use him. He will be an ally that will help Abby to escape the horde of infected near Jackson.\nHe will also appear on some chapters besides Jackson, through flashbacks about what happened during the 5 year gap with Ellie.\nThese are the following chapters that Joel will appear as an ally:', 'tables': [{'table_data': [{'Chapters:': 'Jackson - Prologue'}, {'Chapters:': 'Jackson - The Horde'}, {'Chapters:': 'Seatlle Day 1 - The Birthday Gift'}]}]}, 'What Happens to Joel?': {'paragraphs': ""Final Warning:Major spoilers Ahead!You have been warned!!\nUnfortunately,Joel will dieduring the Jackson chapter, and this is going to be the reason that Ellie goes to Seattle to seek revenge.\nHe already knew that someday, all of his wrongdoings would come back to haunt him, and Abby is one of the many that wanted to kill Joel.\nAbby's father is the only person that knew how to create a vaccine, and Joel ended his life trying to rescue Ellie from the Fireflies. This is the reason that Abby wanted to kill Joel and seek vengeance for her father.""}, 'Related Links': {'paragraphs': 'See All Characters'}}"
Dina,https://img.game8.co/3253995/6a10facf9fdc19b06b66ba6105ec3127.png/show,https://img.game8.co/3253702/457134b322ef240fbf357b4f3e2022bb.jpeg/show,https://game8.co/games/Last-of-Us-2/archives/290477,"{'Dina: Character Information': {'paragraphs': ''}, 'Basic Information': {'tables': [{'table_data': [{'Name:': 'Likely the same age as Ellie (19-21 yrs. old)'}, {'Name:': 'Alive'}, {'Name:': 'Jackson Patrol'}, {'Name:': 'Supporting Character'}, {'Name:': 'Shannon Woodward'}]}]}, 'Profile and Backstory': {'paragraphs': ""Dina is a resident of the Jackson community, and also part of the patrol that protects the community. She used to have a relationship with Jesse, but is now Ellie's romantic interest.\nMore information (contains spoilers)She later on joins Ellie's crusade to exact revenge on those who killed, Joel but finds out that she is pregnant during their time in Seattle.""}, ""What is Dina's Role?"": {'paragraphs': 'Dina is an ally that will help you throughout your playthrough. She will cover your back when fighting off enemies, and help you break easily when an enemy grabs you.\nDina can also kill some enemies with her pistol, with her being a huge help since she can reduce them enemy count. When Ellies does a stealth kill, she can also take out the other nearby enemy that is patrolling the area.'}, 'What Happens to Dina?': {'paragraphs': ""WARNING! Might contain some information that is later revealed on the game. Do not read if you haven't finished the game.\n\nAfter the Seattle event, Dina and Ellie settle on a farm, where they are peacefully living along with her newborn child JJ. That peace is disturbed when Tommy visits their place with information regarding Abby.\nTommy wants to finish the job and kill Abby, but Dina and Ellie are by this point already done with it. He reminds Ellie that she promised to kill Abby once and for all. After Ellie leaves Dina, she goes back to Jackson, leaving Ellie behind.""}, 'Related Links': {'paragraphs': 'See All Characters'}}"
Abby,https://img.game8.co/3254001/77d11f17280b8bcf5ee16bbbe64c3a92.png/show,https://img.game8.co/3253680/e37a8d8fc6ff287dbf28926e004aebd3.jpeg/show,https://game8.co/games/Last-of-Us-2/archives/290497,"{'Abby: Character Information': {'paragraphs': 'Final Warning:Major spoilers Ahead!You have been warned!!\n'}, 'Basic Information': {'tables': [{'table_data': [{'Name:': 'Early Twenties'}, {'Name:': 'Alive'}, {'Name:': '・Former Fireflies member・Former WLF member'}, {'Name:': 'Antagonist/Deuteragonist'}, {'Name:': 'Laura Bailey'}]}]}, 'Profile and Backstory': {'paragraphs': 'Abby used to be a Firefly member along with her dad, Jerry Anderson, who was the lead doctor set to perform surgery on Ellie during Part 1. We all know what happened to the doctors in the operating room when Joel barged in to rescue Ellie (if you need a refresher - he killed all of them).\nThis is her reason for getting revenge on Joel and murdering him in cold blood. Her life is much like the others, where they have to do various things in the name of survival, so TLoU2 parallels her with Ellie, who is also set on getting her revenge.'}, 'How Long Do You Play as Abby?': {'paragraphs': ""For the second half of the game playthrough, you will have to play Abby and learn her story to really understand that her life is more or less the same as Ellie's, where she also has loved ones to care about and protect.\nThe following chapters are the ones where you will play as Abby:"", 'tables': [{'table_data': [{'Chapters': 'Chapter 5: The Park'}, {'Chapters': 'Chapter 6: Seattle Day 1'}, {'Chapters': 'Chapter 7: Seattle Day 2'}, {'Chapters': 'Chapter 8: Seattle Day 3'}, {'Chapters': 'Chapter 10: Santa Barbara'}]}]}, 'Does Abby Die?': {'paragraphs': ""SERIOUSLY, FINAL WARNING! This section contains information that is revealed much later on the game.\nThe conclusion will happen during the Santa Barbara chapter, where Ellie and Abby meet once again. After The Beach part where Ellie successfully rescues Abby from the Rattlers, they will face off on the beach.\nEllie wanted to finish what she started by killing Abby, but when she is close to drowning Abby on the beach, she remembers Joel's smile, then lets her and Lev leave the beach.\nShe wanted to end the cycle of revenge by sparing Abby's life. Because if Abby dies, it is most likely that Lev will take upon getting revenge on Ellie, then someone will avenge Ellie's death and so forth. This might be the reason why Ellie lets her live, before going back to the farm.""}, 'Handguns': {'tables': [{'table_data': [{'Weapon': 'Military Pistol', 'Description': 'Short-range handgun with high fire rate and moderate accuracy.', 'Location': 'Obtain automatically in Seattle Day 1 - The Stadium.'}, {'Weapon': 'Hunting Pistol', 'Description': 'Long-range handgun with high damage and slow reload speed.', 'Location': 'Seattle Day 1 - On Foot (Safe)'}]}]}, 'Long Guns': {'tables': [{'table_data': [{'Weapon': 'Semi-Auto Rifle', 'Description': 'Mid-range rifle with high fire rate and moderate accuracy.', 'Location': 'Obtain automatically in Seattle Day 1 - The Stadium.'}, {'Weapon': 'Double Barrel Shotgun', 'Description': 'Mid-range shotgun with high damage and slow reload speed.', 'Location': 'Seattle Day 1 - Hostile Territory (Shop with Chinese Vase)'}, {'Weapon': 'Crossbow', 'Description': 'Long-range crossbow with silent shots and slow reload speed.', 'Location': 'Seattle Day 1 - The Coast (Boat, next to dead body)'}, {'Weapon': 'Flamethrower', 'Description': 'Close range weapon that incinerates enemies, dealing lethal damage.', 'Location': 'Seattle Day 2 - The Descent (near the dead Fedra agent).'}]}]}, 'Throwables': {'tables': [{'table_data': [{'Weapon': 'Bottle', 'Description': 'A throwable object that can be used to break glass or create a distraction. Only one item of this type can be held at a time.', 'Location': 'Pick up from ground.'}, {'Weapon': 'Brick', 'Description': 'A throwable object that can be used to break glass or create a distraction. Only one item of this type can be held at a time.', 'Location': 'Pick up from ground.'}, {'Weapon': 'Pipe Bomb', 'Description': 'Bounce on impact and explodes after a short delay.', 'Location': 'Craft.'}]}]}, 'Recovery Item': {'tables': [{'table_data': [{'Weapon': 'Health Kit', 'Description': 'Restores a moderate amount of health. Hold R2 to use.', 'Location': 'Craft.'}]}]}, 'Field Tactics': {'tables': [{'table_data': [{'Name': 'Increased Health', 'Supplements': '50', 'Effect': 'Increase maximum health.+25% Health'}, {'Name': 'Listen Mode Range', 'Supplements': '40', 'Effect': 'Detect enemies at a greater range in listen mode. Hold R1 to sense nearby enemies through walls.+50% Range'}, {'Name': 'Hold Breath', 'Supplements': '30', 'Effect': 'Press L3 while aiming to hold your breath, steadying your aim.'}, {'Name': 'Listen Mode Clarity', 'Supplements': '40', 'Effect': 'Enemies seen in listen mode show up in sharper clarity. Hold R1 to sense nearby enemies through walls.'}, {'Name': 'Increased Health', 'Supplements': '30', 'Effect': 'Increase maximum health.+25% Health'}]}]}, 'Covert Ops': {'tables': [{'table_data': [{'Name': 'Craft More Shivs', 'Supplements': '50', 'Effect': 'Increase your efficiency at crafting shivs, producing more from the same resources.Craft amount: 2 ▶︎ 3Inventory capacity: 4 ▶︎ 6'}, {'Name': 'Faster Prone Movement', 'Supplements': '40', 'Effect': 'Move faster while prone. Hold ◯ to go prone.+50% Movement Speed'}, {'Name': 'Grabbed Enemy Movement Speed', 'Supplements': '50', 'Effect': 'Move faster while holding a hostage, allowing you to quickly reposition while shielding yourself or attempting a stealth kill.+50% Hostage Movement Speed'}, {'Name': 'Listen Mode Movement Speed I', 'Supplements': '30', 'Effect': 'Move faster in listen mode. Hold R1 to sense nearby enemies through walls.+50% Movement Speed'}, {'Name': 'Craft Shivs', 'Supplements': '20', 'Effect': 'Craft 2 shivs which allow for instant stealth kills against most enemies. They can also be used to break free when grabbed by a clicker.Recipe requires binding and blade.'}]}]}, 'Close Quarters': {'tables': [{'table_data': [{'Name': 'Momentum Duration', 'Supplements': '50', 'Effect': 'Momentum lasts longer.+70% Duration'}, {'Name': 'Faster Health Kits', 'Supplements': '50', 'Effect': 'Increase the speed of using a health kit.+100% Speed'}, {'Name': 'Aim Stability Increase', 'Supplements': '20', 'Effect': 'Improve aiming stability and accuracy while moving.+100% Stability+100% Accuracy'}, {'Name': 'Craft Improved Health Kits', 'Supplements': '50', 'Effect': 'Craft more effective health kits.+50% Healing.'}, {'Name': 'Momentum', 'Supplements': '40', 'Effect': 'After killing an enemy with a STRIKE, for a short time your next melee attack will also be a STRIKE.STRIKES are high-damaging melee moves against stunned or surprised enemies.'}]}]}, 'Firearms': {'tables': [{'table_data': [{'Name': 'Craft More Incendiary Shells', 'Supplements': '50', 'Effect': 'Increase your efficiency at crafting incendiary shells, producing more from the same resources.Press △ while aiming to change what ammo is loaded.Craft amount: 2 ▶︎ 3Inventory capacity: 4 ▶︎ 6'}, {'Name': 'Craft More Hunting Pistol Ammo', 'Supplements': '50', 'Effect': 'Increase your efficiency at crafting hunting pistol ammo, producing more from the same resources.Craft Amount: 2 ▶︎ 3'}, {'Name': 'Faster Aim Movement', 'Supplements': '40', 'Effect': 'Move faster while aiming.+50% Movement Speed'}, {'Name': 'Craft Hunting Pistol Ammo', 'Supplements': '20', 'Effect': 'Craft 2 standard bullets for your Hunting Pistol which deal heavy damage with high accuracy.Recipe requires explosive and blade.'}, {'Name': 'Craft Incendiary Shells', 'Supplements': '20', 'Effect': 'Craft 2 incendiary shells which fire in a wide cone, dealing heavy damage and lighting enemies on fire.Press △ while aiming to change what ammo is loaded.Recipe requires alcohol and explosive.'}]}]}, 'Ordnance': {'tables': [{'table_data': [{'Name': 'Craft More Pipe Bombs', 'Supplements': '40', 'Effect': 'Increase your efficiency at crafting pipe bombs, producing more from the same resources.Craft amount: 2 ▶︎ 3Inventory capacity: 4 ▶︎ 6'}, {'Name': 'Improved Silencers', 'Supplements': '40', 'Effect': 'Increase the durability of crafted silencers.Craft Amount: 3 ▶︎ 5'}, {'Name': 'Improved Pipe Bombs', 'Supplements': '30', 'Effect': 'Craft more effective pipe bombs that are deadly in a larger area.+50% Blast Radius'}, {'Name': 'Improved Melee Weapon Upgrades', 'Supplements': '40', 'Effect': 'Craft more durable upgraded melee weapons.+1 Durability'}, {'Name': 'Faster Crafting', 'Supplements': '20', 'Effect': 'Craft all items twice as quickly.+100% Crafting Speed'}]}]}, 'Related Links': {'paragraphs': 'See All Characters'}}"
Yara,https://img.game8.co/3254016/e921679aa5dfbf1e77704e5768df7c09.png/show,https://img.game8.co/3253753/a53e019404ad3d253ca442e87e2b5270.jpeg/show,https://game8.co/games/Last-of-Us-2/archives/290493,"{'Yara: Character Information': {'paragraphs': ''}, 'Basic Information': {'tables': [{'table_data': [{'Name:': '16'}, {'Name:': 'Deceased'}, {'Name:': 'Former member of Seraphites'}, {'Name:': 'Support Character'}, {'Name:': 'Victoria Grace'}]}]}, 'Profile and Backstory': {'paragraphs': ""Yara is known to be Lev's older sister. She was also a member of the Seraphites like her mother and younger brother. When she became a teenager, she was assigned to become a soldier for the Seraphites.\nWhen the assignment for Lev came from the Elders, she helped Lev escape from the Seraphites. Because of this, both Yara and Lev were deemed as apostates and are now being hunting down by the Seraphites.""}, 'What Happens to Yara?': {'paragraphs': ""Click to View (Contains Spoilers)\nYara can be first seen when she was captured by Emily, another Seraphite, who was trying to hang Abby and execute Yara. Yara's left arm got destroyed and is saved by Lev then the three of them escape the forest while being attacked by Stalkers.\nAfter their escape from the forest, Yara and Lev decided to settle down in an abandoned trailer to rest before moving again. Yara's condition got worse because of her broken arm but luckily, Abby returned for them and brought them to the Aquarium.\nYara's arm got amputated my Mel with help from the supplies Abby and Lev got from the Hospital. She then stayed at the Aquarium for a while for her arm's recovery. When Lev ran away to get their mother to escape with them, Yara and Abby chased after Lev before being forced to stop because Abby had to help Manny defeat Tommy.\nWhile Abby was helping Manny defeat Tommy, it was assumed that Yara moved on her own and helped Abby defeat Tommy by stabbing him. Yara and Abby then continued to go after Lev at the Seraphite Island.\nWhen they arrived at the Seraphite Island, they snuck through multiple Seraphite outposts in order to reach Lev at their house. Once they found Lev, they attempted to escape the island by going to Haven and leaving by boat.\nJust before they reached Haven, they were attacked by the WLF and was shot down by a WLF member. The last thing she was able to do was shoot Isaac in the back to help Abby and Lev escape from the WLF. After that, she was shot multiple times mercilessly and dies on the spot.\n""}, 'Related Links': {'paragraphs': 'See All Characters'}}"
Nora,https://img.game8.co/3254007/8894baf742d1e32bce1f36b8233de319.png/show,https://img.game8.co/3253701/527bfd2d36d8b19d5dd586499b79b98f.jpeg/show,https://game8.co/games/Last-of-Us-2/archives/290491,"{'Nora: Character Information': {'paragraphs': ''}, 'Basic Information': {'tables': [{'table_data': [{'Name:': 'Unknown'}, {'Name:': 'Deceased'}, {'Name:': 'WLF (Washington Liberation Front) Member'}, {'Name:': 'Support Character'}, {'Name:': 'Chelsea Tavares'}]}]}, 'Profile and Backstory': {'paragraphs': ""Nora is one of Abby's close friends and is also a part of the Salt Lake crew which consists of former fireflies from Salt Lake City, Utah.\nIn the game she is shown as a medic to the WLF and is in charge of the WLF's medical supplies and the morgue.""}, 'What Happens to Nora?': {'paragraphs': ""Click to View (Contains Spoilers)\nNora along with her friends included in the Salt Lake Crew travel to Jackson to help Abby take revenge on Joel for attacking the Fireflies. After this event, she is shown to be a medic incharge of the medical supplies and the morgue at the Forward Operating Base.\nAfter being stationed in the FOB, she was transfered to the Hospital to facilitate in getting all the remaining supplies inside the Hospital. During this time, she learned that Abby had gone AWOL and was tied inside the elevator.\nNora helped Abby escape and led her to the lower levels of the Hospital so that Abby can find the supplies she needed in order to amputate Yara's broken arm.\nSome time later, Ellie invades the Hospital and tracks down Nora. Nora tries to escape from Ellie but is cornered into a hallway with a hole leading to the spore infested levels of the Hostpital.\nEllie drags her down to the spore infested levels and she still tries to escape Ellie. Ellie soon catches up to her and attemps to interrogate her but, she refuses to sell out her friend's locations. She then dies when Ellie beats her up with a pipe because she refused to answer.""}, 'Related Links': {'paragraphs': 'See All Characters'}}"
Lev,https://img.game8.co/3254015/bece969eced2e9ae6dd456a92b64b0d0.png/show,https://img.game8.co/3253754/95629e336e9e7bc1a7f9ffd871a12089.jpeg/show,https://game8.co/games/Last-of-Us-2/archives/290495,"{'Lev: Character Information': {'paragraphs': ''}, 'Basic Information': {'tables': [{'table_data': [{'Name': '13'}, {'Name': 'Alive'}, {'Name': 'Former member of Seraphites'}, {'Name': 'Support Character'}, {'Name': 'Ian Alexander'}]}]}, 'Profile and Backstory': {'paragraphs': 'Lev is the younger brother of Yara, another new character. They were both revealed in the Paris Games Week, along with a mysterious woman.\nBoth Lev and his sister Yara are members of the Seraphites. As you can see from the picture, they have a scar on their faces to show they are part of the same faction.\nBefore calling himself Lev, his original name was Lily. This happened due to the Seraphite Elders assigning him to be a wife to one of the other Elders. In defiance, he shaved his head and declared himself as a male and a soldier like her sister.\nDue to his actions, the Seraphites have deemed him as an apostate and he is forced to run away because the Seraphites are hunting him down.'}, 'What Happens to Lev?': {'paragraphs': ""Click to View (Contains Spoilers)\nLev is first seen helping Yara during the time when Emily, another Seraphite, was trying to hang Abby and execute Yara. Lev, together with Yara and Abby, manage to escape the forest full of Stalkers together and settle down in an abandoned trailer.\nWhen Yara's condition got worse, Abby returned to them and led them to the Aquarium to help amputate Yara's arm but, they lacked the supplies needed for this. Lev then accompanied Abby through a skyscraper inside Seraphite territory in order to cross the rapids going to the Hospital.\nRight before they about to successfully cross the broken crane, they both fell into a pool which forced them to descend through the hotel full of Infected. When they reach the Hospital, Lev waited for Abby until she got the needed supplies from the Hospital and they went back to the Aquarium together.\nAfter Yara's arm got amputated, Lev ran away from the Aquarium in hopes that he can bring their mother with them in escaping the Seraphites. Lev reaches the Seraphite island and accidentally kills their mother while trying to defend himself.\nWhen Yara and Abby arrive to get Lev, Yara dies to the WLF and Lev and Abby are forced to fight their way through the WLF and the Seraphites in order to escape the island. After they successfully escape the island, they now head back to the Aquarium just to learn that Ellie has killed both Owen and Mel.\nLev finds the Seattle Map that Ellie used to track down the Salt Lake Crew and gives it to Abby. He then accompanies Abby to the Theater to help her get revenge on Ellie. Just before Abby kills Dina, Lev stops Abby and convinces her to leave them alone.\nMany months later, Lev accompanies Abby at Santa Barbara to look for the remnants of the Fireflies. After successfully contacting the Fireflies, they learn that the Fireflies are on Catalina Island.\nWhen they about to return to their sailboat, they got ambushed and captured by the Rattlers to become slaves. Some time later, Ellie found both of them tied to the Pillars and freed them before Abby and Lev were able to escape from Santa Barbara.""}, 'Related Links': {'paragraphs': 'See All Characters'}}"
Emily,https://img.game8.co/3254017/1d01852a9eaa4ad277c80c08bff20d1b.png/show,https://img.game8.co/3253750/b64de7fa1386b449733d20ec2343fc69.jpeg/show,https://game8.co/games/Last-of-Us-2/archives/290496,"{'Emily: Character Information': {'paragraphs': ''}, 'Basic Information': {'tables': [{'table_data': [{'Name:': 'Unkown'}, {'Name:': 'Deceased'}, {'Name:': 'Seraphites Member'}, {'Name:': 'Antagonist'}, {'Name:': 'Emily Swallow'}]}]}, 'Profile and Backstory': {'paragraphs': 'Little is known about the Seraphite Emily. She is a member of the Seraphites, and based on the trailer that was shown in the Paris Week Games, she may have a higher rank compared to the other members.'}, 'What Happens to Emily?': {'paragraphs': ""Click to View (Contains Spoilers)\nAfter she captured Abby with her men, they proceeded to hang her and kill her like they did with the other WLF members and trespassers. Her men were able to find Yara, and she tried to interrogate Yara on Lev's location but failed to get any information.\nShe then ordered her men to break Yara's arm before Lev ambushed them. During the fight, Abby chokes Emily using her legs and Yara kills her by smashing her head with a hammer.\n""}, 'Related Links': {'paragraphs': 'See All Characters'}}"
Jesse,https://img.game8.co/3253997/53633ae7d796ae3ad6a17ac3c6d56b04.png/show,https://img.game8.co/3253666/cd8a49d1e146c09662f466f1417b8063.jpeg/show,https://game8.co/games/Last-of-Us-2/archives/290486,"{'Jesse: Character Information': {'paragraphs': ''}, 'Basic Information': {'tables': [{'table_data': [{'Age:': 'Jackson Patrol'}, {'Age:': 'Support Character'}, {'Age:': 'Stephen Chang'}]}]}, 'Profile and Backstory': {'paragraphs': ""Jesse is one of the leaders of the Jackson Patrol group, where he is being trained personally by Joel. During the E3 2018 game trailer, he approaches Ellie and complains about her 'Old Man' lecturing him about the patrols.\nHe also used to have a relationship with Dina, and recently broke up with her. Even if Ellie and Dina got together as a couple, he didn't mind it at all and would sometimes tease Ellie about their relationship.""}, 'What Happens to Jesse?': {'paragraphs': 'Click to View (Contains Spoilers)A day after Ellie and Dina leave Jackson to avenge Joel, Jesse sneaks out of Jackson to follow Ellie and help them. Jesse was able to find Ellie at Seattle while fighting with the WLF. Soon after they escape the WLF, they head back to the Theater so he can recover from his wounds.\nAfter Jesse recovered from his wounds, he and Ellie now went out to find Tommy and planned to return to Jackson. At some point in their journey to find Tommy, they split up since Ellie insisted that she want go to the Aquarium to look for Abby while Jesse wants to continue finding Tommy.\nAfter Jesse reunites with Tommy, they head over to the Aquarium and take Ellie back to the Theater to plan how to head back to Jackson. Soon after that, Jesse dies after he is shot in the head by Abby when he tried to run over and help Tommy.'}, 'Related Links': {'paragraphs': 'See All Characters'}}"
Tommy,https://img.game8.co/3253998/6cbe56fb66b303818741c5604f55c4a8.png/show,https://img.game8.co/3253667/5f6bdd9e98558a4b3a8d18fd39c8d45a.jpeg/show,https://game8.co/games/Last-of-Us-2/archives/290458,"{'Tommy: Character Information': {'paragraphs': ''}, 'Basic Information': {'tables': [{'table_data': [{'Name:': ""Mid 40's""}, {'Name:': 'Alive'}, {'Name:': 'Jackson County Leader'}, {'Name:': 'Minor Character'}, {'Name:': 'Jeffrey Pierce'}]}]}, 'Profile and Backstory': {'paragraphs': 'Another returning character from the first game in the series, Tommy is one of the leaders of the community in Jackson. Along with his wife Maria, he lives in peace, even with the dangers of the infected and other people still lurking outside of their community.\nHe and Joel often take the tedious Mountain Patrols because they like to rest on the couches in the lobby of the Mountain Lodge.'}, 'What Happens to Tommy?': {'paragraphs': ""Click to View (Contains Spoilers)After Joel's death, he went out on his own to find Abby and avenge Joel's death. He arrived at the Serevena Hotel and interrogated Nick on Abby's location. After that he goes to the TV station and interrogates Leah next but, he is forced to escape when the Seraphites came.\nHe is now shown at the Marina sniping off Manny's whole platoon. While Abby and Manny tried to get close to him, he manages to kill Manny before getting into a close quarters fight with Abby but, he loses the fight when Yara stabs him and Abby pushes him to the sea.\nJesse then finds him and they head over to the Aquarium and take Ellie back to the Theater to plan how to head back to Jackson. Shortly after this, Abby attacks him in the theater and holds him hostage from Ellie. When Abby tries to shoot Ellie, Tommy tries to stop Abby but is shot by an arrow in the leg by Lev and shot in the side of the head by Abby causing him to lose his right eye.\nAfter the events in the theater, they head back to Jackson and Ellie promises him that she will make Abby pay for what she had done. During this time, Tommy and Maria have been taking some time apart from each other.\nMonths later, he goes to Ellie and Dina's house and informs Ellie about Abby's location since he cannot go because of his leg and eye. Ellie refuses to help and he leaves the house very disappointed since Ellie had promised him that she will make Abby pay.""}, 'Related Links': {'paragraphs': 'See All Characters'}}"
Seth,https://img.game8.co/3254000/2c0e33c88eb0cbc41e3f1d3847e29932.png/show,https://img.game8.co/3253700/442701af05e3748b9ccedc8a793a0000.jpeg/show,https://game8.co/games/Last-of-Us-2/archives/291199,"{'Seth: Character Information': {'paragraphs': ''}, 'Basic Information': {'tables': [{'table_data': [{'Name:': 'Unknown'}, {'Name:': 'Alive'}, {'Name:': 'Saloon Manager'}, {'Name:': 'Supporting'}, {'Name:': 'Robert Clotworthy'}]}]}, 'Profile and Backstory': {'paragraphs': 'Seth is a resident of Jackson who runs a saloon in town. He is seen early in the game apologizing to Ellie for something and giving her a gift. Later on in the game, you see why he apologizes in a flash back.\nDuring the night that Dina and Ellie kissed, Seth confronted them about their kiss in font of children and calls Ellie a “loudmouth dyke”. This prompts Joel to intervene, which angers Ellie.'}, 'Related Links': {'paragraphs': 'See All Characters'}}"
Mel,https://img.game8.co/3254005/e736c8192c7100674f18acbde78b99ba.png/show,https://img.game8.co/3253673/43e4ae0186bd6083dc0b0f1bda3d6fae.jpeg/show,https://game8.co/games/Last-of-Us-2/archives/291200,"{'Mel: Character Information': {'paragraphs': 'Warning: This section may contain The Last of Us 2 spoilers.\n'}, 'Basic Information': {'tables': [{'table_data': [{'Name:': 'Unknown'}, {'Name:': 'Deceased'}, {'Name:': 'Medic'}, {'Name:': 'Supporting Character'}, {'Name:': 'Ashly Burch'}]}]}, 'Profile and Backstory': {'paragraphs': ""Mel is a medic for the WLF. She was tought everything about treating injuries from Abby's father, Jerry.\nShe has a romantic relationship with Owen, and is pregnant with Owen's baby, causing some tention between Mel and Abby.""}, 'What Happens to Mel?': {'paragraphs': 'Click to ViewMel, along with Owen, is killed by Ellie, after confronted in Seattle Day 3. Ellie is originally looking for Abby, but Owen intervenes, causing Abby to shoot him, and when Mel steps in, Abby stabs her in the neck.'}, 'Related Links': {'paragraphs': 'See All Characters'}}"
Owen,https://img.game8.co/3254006/e515ec83b6df00155171912e605f14c5.png/show,https://img.game8.co/3253668/37cb30d83159273a09bcd4c3eac43dc1.jpeg/show,https://game8.co/games/Last-of-Us-2/archives/291205,"{'Owen: Character Information': {'paragraphs': ''}, 'Basic Information': {'tables': [{'table_data': [{'Name:': 'Mid 20s'}, {'Name:': 'Deceased'}, {'Name:': 'WLF Combatant'}, {'Name:': 'Supporting Character'}, {'Name:': 'Patrick Fugit'}]}]}, 'Profile and Backstory': {'paragraphs': ""Owen is one of the most important characters for Abby's story. He has a romantic relationship with both Abby and Mel, causing a lot of drama between the three of them. He goes AWOL from the WLF and seeks to leave Seattle.""}, 'What Happens to Owen?': {'paragraphs': 'Click to View (Contains Spoilers)Owen, along with Mel, is killed by Ellie, after confronted in Seattle Day 3. Ellie is originally looking for Abby, but Owen intervenes, causing Abby to shoot him, and when Mel steps in, Abby stabs her in the neck.'}, 'Related Links': {'paragraphs': 'See All Characters'}}"
Manny,https://img.game8.co/3254008/7e283f44c3b115378936fe417fd45ff4.png/show,https://img.game8.co/3253714/59d1b2cada49306c655dc50b5690e78e.jpeg/show,https://game8.co/games/Last-of-Us-2/archives/291206,"{'Manny: Character Information': {'paragraphs': ''}, 'Basic Information': {'tables': [{'table_data': [{'Name:': 'Unkown'}, {'Name:': 'WLF Combatant'}, {'Name:': 'Supporting Character'}, {'Name:': 'Alejandro Edda'}]}]}, 'Profile and Backstory': {'paragraphs': ""Manny is another of Abby's Friends. He is ethnically hispanic, and is often is heard speaking Spanish. He has family living within the WLF that he cares for.\nManny accompanied others of Abby's friends to Jackson as well.""}, 'What Happens to Manny?': {'paragraphs': 'Click to View (Contains Spoilers)\nWhen playing as Abby, there is a section where you are trying to catch up to a sniper (Tommy). Upon cornering him and them trying to sneak up on him to take him by surprise, Manny is shot by Tommy, dying instantly.\n'}, 'Related Links': {'paragraphs': 'See All Characters'}}"
Jordan,https://img.game8.co/3254009/98d2e356da1ebcea9bb3fdfb4e12a047.png/show,https://img.game8.co/3253748/db9e05b070614c194c9d8e910f158883.jpeg/show,https://game8.co/games/Last-of-Us-2/archives/291209,"{'Jordan: Character Information': {'paragraphs': ''}, 'Basic Information': {'tables': [{'table_data': [{'Age:': 'WLF Combatant'}, {'Age:': 'Supporting Character'}, {'Age:': 'Chase Austin'}]}]}, 'Profile and Backstory': {'paragraphs': 'Little is known about Jordan life. He was a former firefly and is part of the Salt Lake Crew with Abby and his friends. He is also romantically involved with Leah, who is also part of the Salt Lake Crew.\nAfter the fireflies disbanded, he went together with his friends to join the WLF in Seattle.'}, 'What Happens to Jordan?': {'paragraphs': ""Click to View (Contains Spoilers)\nJordan along with her friends included in the Salt Lake Crew travel to Jackson to help Abby take revenge on Joel for attacking the Fireflies. After this event, Jordan got assigned to the Serevena Hotel to evacuate the WLF at Hotel and the School and get all the remaining supplies.\nWhen he arrived at the Serevena Hotel, found Nick's dead body and was next seen interrogating Ellie at the Eastbrook Elementary School. In the middle of his interrogation, Mike interrupts him and he learns that Isaac told Mike to execute all trespassers.\nJordan tries to stop Mike since he wants to learn if there were more people from the Jackson Community that are going to attack the WLF. Mike shoves him and tries to shoot Ellie, but Dina kills Mike from the glass roof and Jordan was able to shoot the glass to make Dina fall from the roof.\nAfter that, he tries to kill Dina by choking her, but Ellie manages to escape from her binds and stab Jordan in the neck killing him in the process.\n""}, 'Related Links': {'paragraphs': 'See All Characters'}}"
Nick,https://img.game8.co/3254014/ba5dcb611e03b00ee8bb921e7668acc9.png/show,https://img.game8.co/3253751/0cbbe465209bd878cc3c4fe7b134b961.jpeg/show,https://game8.co/games/Last-of-Us-2/archives/291210,"{'Nick: Character Information': {'paragraphs': ''}, 'Basic Information': {'tables': [{'table_data': [{'Age:': 'WLF Combatant'}, {'Age:': 'Supporting Character'}, {'Age:': 'None'}]}]}, 'Profile and Backstory': {'paragraphs': 'Nick was present with Abby and her friends in their journey to Jackson. He helps hold down both Tommy and Ellie in the beginning of the game, but never spoke.'}, 'Related Links': {'paragraphs': 'See All Characters'}}"
Alice,https://img.game8.co/3254011/51b5d3f35155639652d8a192a70ce959.png/show,https://img.game8.co/3253752/40349185b76d1d125192c59788f9e7a9.jpeg/show,https://game8.co/games/Last-of-Us-2/archives/291211,"{'Alice: Character Information': {'paragraphs': ''}, 'Basic Information': {'tables': [{'table_data': [{'Name:': 'Unknown'}, {'Name:': 'Deceased'}, {'Name:': 'WLF Attack Dog'}, {'Name:': 'Supporting Character'}, {'Name:': 'Unknown'}]}]}, 'Profile and Backstory': {'paragraphs': ""Little is known about Alice's background. Alice was one of the K9 units issued in the WLF and is mostly called upon by the members of the Salt Lake Crew, especially by Abby, Mel, and Manny.""}, 'What Happens to Alice?': {'paragraphs': 'Click to View (Contains Spoilers)\nAlice was taken out for a mission when Abby, Manny, and Mel went out to patrol. During the patrol, Alice was able to save Abby from a Clicker that tried to attack her when she was trapped under the broken shelves inside the warehouse.\nLater in the game, Alice was brought to the Aquarium by Mel when she went AWOL and is helping them guard the Aquarium. When Abby left the Aquarium to go to the Hospital, she was killed by Ellie when Alice found Ellie breaking in the Aquarium through the vents.\n'}, 'Related Links': {'paragraphs': 'See All Characters'}}"
Maria,https://img.game8.co/3253999/fdb7b56e1a98b135f7c3ff258536c08b.png/show,https://img.game8.co/3253871/34d5cb007beec80ed621a67594bcd565.jpeg/show,https://game8.co/games/Last-of-Us-2/archives/291219,"{'Maria: Character Information': {'paragraphs': ''}, 'Basic Information': {'tables': [{'table_data': [{'Age:': 'Jackson Leader'}, {'Age:': 'Supporting Character'}, {'Age:': 'Ashley Scott'}]}]}, 'Profile and Backstory': {'paragraphs': ""First appearing in TLoU1, in Part II, Maria is only ever seen in the beginning of the game in Jackson, and she is introduced as a leader of the Jackson community, and as Tommy's wife. She is referenced to again towards the end of the game.""}, 'Related Links': {'paragraphs': 'See All Characters'}}"
Jerry,https://img.game8.co/3254026/b2527126348c3309d9884de55706f51b.png/show,https://img.game8.co/3253888/433549ea350fab01b217e903199f165d.jpeg/show,https://game8.co/games/Last-of-Us-2/archives/291220,"{'Jerry: Character Information': {'paragraphs': 'Warning: This article contains major spoilers! Proceed with caution if you have not played TLoU2 yet.\n'}, 'Basic Information': {'tables': [{'table_data': [{'Age:': 'Doctor'}, {'Age:': 'Supporting Character'}, {'Age:': 'Derek Phillips'}]}]}, 'Profile and Backstory': {'paragraphs': ""Jerry was the surgeon that was originally going to kill Ellie to develop a cure to the disease that has caused the world's population to drop by 60%. However, anyone who played TLoU1 will know that this ends with Joel killing all of the Fireflies and surgeons, including Jerry.\nA big plot device to the game is Jerry's death, which caused Abby to seek revenge by killing Joel. Jerry is seen in a flash back saving a zebra from a barbed wire fence, and although willing to kill Ellie to make a cure, he seems a bit uneasy with the idea, making Jerry look like a much kinder individual.""}, 'Related Links': {'paragraphs': 'See All Characters'}}"
Whitney,https://img.game8.co/3254013/b6e3174446b16a8072dc1342be282b5c.png/show,https://img.game8.co/3253876/211eb1e5683a5d9ae17872049440fc81.jpeg/show,https://game8.co/games/Last-of-Us-2/archives/291221,"{'Whitney: Character Information': {'paragraphs': ''}, 'Basic Information': {'tables': [{'table_data': [{'Age:': 'WLF Combatant'}, {'Age:': 'Supporting Character'}, {'Age:': 'Maggie Macdonald'}]}]}, 'Profile and Backstory': {'paragraphs': ""Also known as thePortable Gamer Girl, Whitney was first seen in a demo of the game that was shown pre-release. Whitney doesn't play any significant role in the story, but is used to bridge the connection between Ellie and Abby. She is almost always playing her PS Vita and it is theorized that she has the last PS Vita play remaining.""}, 'Related Links': {'paragraphs': 'See All Characters'}}"
Isaac,https://img.game8.co/3254010/b6c01e0bfd5299161fe16b3fc6709617.png/show,https://img.game8.co/3253872/66e409e5ea1a6c1649ac10146a013d70.jpeg/show,https://game8.co/games/Last-of-Us-2/archives/291222,"{'Isaac: Character Information': {'paragraphs': ''}, 'Basic Information': {'tables': [{'table_data': [{'Name:': 'Unknown'}, {'Name:': 'Deceased'}, {'Name:': 'WLF Leader'}, {'Name:': 'Supporting Character'}, {'Name:': 'Jeffrey Wright'}]}]}, 'Profile and Backstory': {'paragraphs': 'Isaac is a leader of the WLF, and the one responsible for the attack on the Seraphite island. He appears in only 2 parts of the game, but his role in the story is still very important. He appears to be a brutal leader, as he is first seen torturing a Seraphite, and later seen willing to shoot a Seraphite that was a child.'}, 'What Happens to Isaac?': {'paragraphs': 'Click to View (Spoilers)\nDuring the last part ofSeattle Day 3as Abby, Isaac finds Abby alongside Lev. Isaac tells Abby to move out of the way of Lev so that he can shoot him. Abby refuses, pleading him to let Lev go since he is just a kid. Right before Isaac can pull the trigger to shoot them, he is shot in the back, presumably dying instantly.\n'}, 'Related Links': {'paragraphs': 'See All Characters'}}"
